<annotation>
  <folder>0006-blood</folder>
  <filename>0006-blood_orange_salad;23.976023976023978;2255;orange,lemon,lime.jpg</filename>
  <source>
    <database>Unknown</database>
    <annotation>Unknown</annotation>
    <image>Unknown</image>
  </source>
  <size>
    <width>1280</width>
    <height>720</height>
    <depth></depth>
  </size>
  <segmented>0</segmented>
  <object>
    <name>orange</name>
    <occluded>0</occluded>
    <bndbox>
      <xmin>1.11</xmin>
      <ymin>338.44</ymin>
      <xmax>58.89</xmax>
      <ymax>389.56</ymax>
    </bndbox>
    <attributes>
      <attribute>
        <name>states</name>
        <value>whole</value>
      </attribute>
    </attributes>
  </object>
  <object>
    <name>orange</name>
    <occluded>0</occluded>
    <bndbox>
      <xmin>44.44</xmin>
      <ymin>317.33</ymin>
      <xmax>83.33</xmax>
      <ymax>338.45</ymax>
    </bndbox>
    <attributes>
      <attribute>
        <name>states</name>
        <value>whole</value>
      </attribute>
    </attributes>
  </object>
  <object>
    <name>orange</name>
    <occluded>0</occluded>
    <bndbox>
      <xmin>580.0</xmin>
      <ymin>605.11</ymin>
      <xmax>694.44</xmax>
      <ymax>678.44</ymax>
    </bndbox>
    <attributes>
      <attribute>
        <name>states</name>
        <value>cut</value>
      </attribute>
    </attributes>
  </object>
</annotation>
