<annotation>
  <folder>0006-blood</folder>
  <filename>0006-blood_orange_salad;23.976023976023978;2279;orange,lemon,lime.jpg</filename>
  <source>
    <database>Unknown</database>
    <annotation>Unknown</annotation>
    <image>Unknown</image>
  </source>
  <size>
    <width>1280</width>
    <height>720</height>
    <depth></depth>
  </size>
  <segmented>0</segmented>
  <object>
    <name>orange</name>
    <occluded>0</occluded>
    <bndbox>
      <xmin>584.44</xmin>
      <ymin>600.67</ymin>
      <xmax>690.0</xmax>
      <ymax>676.22</ymax>
    </bndbox>
    <attributes>
      <attribute>
        <name>states</name>
        <value>cut</value>
      </attribute>
    </attributes>
  </object>
  <object>
    <name>orange</name>
    <occluded>0</occluded>
    <bndbox>
      <xmin>43.33</xmin>
      <ymin>316.22</ymin>
      <xmax>83.33</xmax>
      <ymax>340.67</ymax>
    </bndbox>
    <attributes>
      <attribute>
        <name>states</name>
        <value>whole</value>
      </attribute>
    </attributes>
  </object>
  <object>
    <name>orange</name>
    <occluded>0</occluded>
    <bndbox>
      <xmin>0.0</xmin>
      <ymin>338.44</ymin>
      <xmax>57.78</xmax>
      <ymax>389.56</ymax>
    </bndbox>
    <attributes>
      <attribute>
        <name>states</name>
        <value>whole</value>
      </attribute>
    </attributes>
  </object>
</annotation>
