<annotation>
  <folder>0006-blood</folder>
  <filename>0006-blood_orange_salad;23.976023976023978;2878;orange,lemon,lime.jpg</filename>
  <source>
    <database>Unknown</database>
    <annotation>Unknown</annotation>
    <image>Unknown</image>
  </source>
  <size>
    <width>1280</width>
    <height>720</height>
    <depth></depth>
  </size>
  <segmented>0</segmented>
  <object>
    <name>orange</name>
    <occluded>0</occluded>
    <bndbox>
      <xmin>1.11</xmin>
      <ymin>339.56</ymin>
      <xmax>53.33</xmax>
      <ymax>389.56</ymax>
    </bndbox>
    <attributes>
      <attribute>
        <name>states</name>
        <value>whole</value>
      </attribute>
    </attributes>
  </object>
  <object>
    <name>orange</name>
    <occluded>0</occluded>
    <bndbox>
      <xmin>42.22</xmin>
      <ymin>314.0</ymin>
      <xmax>83.33</xmax>
      <ymax>335.11</ymax>
    </bndbox>
    <attributes>
      <attribute>
        <name>states</name>
        <value>whole</value>
      </attribute>
    </attributes>
  </object>
</annotation>
