<annotation>
  <folder>0006-blood</folder>
  <filename>0006-blood_orange_salad;23.976023976023978;1871;orange,lemon,lime.jpg</filename>
  <source>
    <database>Unknown</database>
    <annotation>Unknown</annotation>
    <image>Unknown</image>
  </source>
  <size>
    <width>1280</width>
    <height>720</height>
    <depth></depth>
  </size>
  <segmented>0</segmented>
  <object>
    <name>orange</name>
    <occluded>0</occluded>
    <bndbox>
      <xmin>933.33</xmin>
      <ymin>65.56</ymin>
      <xmax>1127.78</xmax>
      <ymax>212.22</ymax>
    </bndbox>
    <attributes>
      <attribute>
        <name>states</name>
        <value>cut</value>
      </attribute>
    </attributes>
  </object>
</annotation>
