<annotation>
  <folder>0048-shrimp-mango</folder>
  <filename>0048-shrimp-mango_salad;23.981554302889997;1104;orange,lemon,lime.jpg</filename>
  <source>
    <database>Unknown</database>
    <annotation>Unknown</annotation>
    <image>Unknown</image>
  </source>
  <size>
    <width>1280</width>
    <height>720</height>
    <depth></depth>
  </size>
  <segmented>0</segmented>
  <object>
    <name>orange</name>
    <occluded>0</occluded>
    <bndbox>
      <xmin>251.11</xmin>
      <ymin>331.78</ymin>
      <xmax>826.67</xmax>
      <ymax>579.56</ymax>
    </bndbox>
    <attributes>
      <attribute>
        <name>states</name>
        <value>juice</value>
      </attribute>
    </attributes>
  </object>
</annotation>
