<annotation>
  <folder>0048-shrimp-mango</folder>
  <filename>0048-shrimp-mango_salad;23.981554302889997;1296;orange,lemon,lime.jpg</filename>
  <source>
    <database>Unknown</database>
    <annotation>Unknown</annotation>
    <image>Unknown</image>
  </source>
  <size>
    <width>1280</width>
    <height>720</height>
    <depth></depth>
  </size>
  <segmented>0</segmented>
  <object>
    <name>orange</name>
    <occluded>0</occluded>
    <bndbox>
      <xmin>610.0</xmin>
      <ymin>628.44</ymin>
      <xmax>728.89</xmax>
      <ymax>689.56</ymax>
    </bndbox>
    <attributes>
      <attribute>
        <name>states</name>
        <value>juice</value>
      </attribute>
    </attributes>
  </object>
  <object>
    <name>orange</name>
    <occluded>0</occluded>
    <bndbox>
      <xmin>31.11</xmin>
      <ymin>296.2</ymin>
      <xmax>81.3</xmax>
      <ymax>338.45</ymax>
    </bndbox>
    <attributes>
      <attribute>
        <name>states</name>
        <value>whole</value>
      </attribute>
    </attributes>
  </object>
</annotation>
