<annotation>
  <folder>0048-shrimp-mango</folder>
  <filename>0048-shrimp-mango_salad;23.981554302889997;2710;orange,lemon,lime.jpg</filename>
  <source>
    <database>Unknown</database>
    <annotation>Unknown</annotation>
    <image>Unknown</image>
  </source>
  <size>
    <width>1280</width>
    <height>720</height>
    <depth></depth>
  </size>
  <segmented>0</segmented>
  <object>
    <name>orange</name>
    <occluded>0</occluded>
    <bndbox>
      <xmin>32.22</xmin>
      <ymin>297.33</ymin>
      <xmax>77.78</xmax>
      <ymax>337.33</ymax>
    </bndbox>
    <attributes>
      <attribute>
        <name>states</name>
        <value>whole</value>
      </attribute>
    </attributes>
  </object>
  <object>
    <name>orange</name>
    <occluded>0</occluded>
    <bndbox>
      <xmin>82.22</xmin>
      <ymin>307.33</ymin>
      <xmax>118.89</xmax>
      <ymax>349.56</ymax>
    </bndbox>
    <attributes>
      <attribute>
        <name>states</name>
        <value>whole</value>
      </attribute>
    </attributes>
  </object>
  <object>
    <name>orange</name>
    <occluded>0</occluded>
    <bndbox>
      <xmin>600.0</xmin>
      <ymin>495.1</ymin>
      <xmax>683.3</xmax>
      <ymax>539.56</ymax>
    </bndbox>
    <attributes>
      <attribute>
        <name>states</name>
        <value>juice</value>
      </attribute>
    </attributes>
  </object>
</annotation>
