<annotation>
  <folder>0072-old-fashioned</folder>
  <filename>0072-old-fashioned_lemonade;29.97002997002997;2518;orange,lemon,lime.jpg</filename>
  <source>
    <database>Unknown</database>
    <annotation>Unknown</annotation>
    <image>Unknown</image>
  </source>
  <size>
    <width>1280</width>
    <height>720</height>
    <depth></depth>
  </size>
  <segmented>0</segmented>
  <object>
    <name>orange</name>
    <occluded>0</occluded>
    <bndbox>
      <xmin>470.9</xmin>
      <ymin>521.1</ymin>
      <xmax>784.27</xmax>
      <ymax>713.07</ymax>
    </bndbox>
    <attributes>
      <attribute>
        <name>states</name>
        <value>juice</value>
      </attribute>
    </attributes>
  </object>
  <object>
    <name>orange</name>
    <occluded>0</occluded>
    <bndbox>
      <xmin>468.27</xmin>
      <ymin>6.4</ymin>
      <xmax>793.4</xmax>
      <ymax>515.8</ymax>
    </bndbox>
    <attributes>
      <attribute>
        <name>states</name>
        <value>juice</value>
      </attribute>
    </attributes>
  </object>
</annotation>
