<annotation>
  <folder>0072-old-fashioned</folder>
  <filename>0072-old-fashioned_lemonade;29.97002997002997;2248;orange,lemon,lime.jpg</filename>
  <source>
    <database>Unknown</database>
    <annotation>Unknown</annotation>
    <image>Unknown</image>
  </source>
  <size>
    <width>1280</width>
    <height>720</height>
    <depth></depth>
  </size>
  <segmented>0</segmented>
  <object>
    <name>orange</name>
    <occluded>0</occluded>
    <bndbox>
      <xmin>1032.22</xmin>
      <ymin>6.22</ymin>
      <xmax>1275.56</xmax>
      <ymax>289.55</ymax>
    </bndbox>
    <attributes>
      <attribute>
        <name>states</name>
        <value>cut</value>
      </attribute>
    </attributes>
  </object>
  <object>
    <name>orange</name>
    <occluded>0</occluded>
    <bndbox>
      <xmin>423.3</xmin>
      <ymin>445.1</ymin>
      <xmax>1172.1</xmax>
      <ymax>629.6</ymax>
    </bndbox>
    <attributes>
      <attribute>
        <name>states</name>
        <value>juice</value>
      </attribute>
    </attributes>
  </object>
</annotation>
