<annotation>
  <folder>0072-old-fashioned</folder>
  <filename>0072-old-fashioned_lemonade;29.97002997002997;630;orange,lemon,lime.jpg</filename>
  <source>
    <database>Unknown</database>
    <annotation>Unknown</annotation>
    <image>Unknown</image>
  </source>
  <size>
    <width>1280</width>
    <height>720</height>
    <depth></depth>
  </size>
  <segmented>0</segmented>
  <object>
    <name>orange</name>
    <occluded>0</occluded>
    <bndbox>
      <xmin>590.0</xmin>
      <ymin>287.33</ymin>
      <xmax>950.0</xmax>
      <ymax>609.56</ymax>
    </bndbox>
    <attributes>
      <attribute>
        <name>states</name>
        <value>whole</value>
      </attribute>
    </attributes>
  </object>
  <object>
    <name>orange</name>
    <occluded>0</occluded>
    <bndbox>
      <xmin>377.78</xmin>
      <ymin>221.78</ymin>
      <xmax>572.22</xmax>
      <ymax>422.89</ymax>
    </bndbox>
    <attributes>
      <attribute>
        <name>states</name>
        <value>whole</value>
      </attribute>
    </attributes>
  </object>
</annotation>
