<annotation>
  <folder>0072-old-fashioned</folder>
  <filename>0072-old-fashioned_lemonade;29.97002997002997;2158;orange,lemon,lime.jpg</filename>
  <source>
    <database>Unknown</database>
    <annotation>Unknown</annotation>
    <image>Unknown</image>
  </source>
  <size>
    <width>1280</width>
    <height>720</height>
    <depth></depth>
  </size>
  <segmented>0</segmented>
  <object>
    <name>orange</name>
    <occluded>0</occluded>
    <bndbox>
      <xmin>42.22</xmin>
      <ymin>277.3</ymin>
      <xmax>598.89</xmax>
      <ymax>667.3</ymax>
    </bndbox>
    <attributes>
      <attribute>
        <name>states</name>
        <value>other</value>
      </attribute>
    </attributes>
  </object>
</annotation>
