<annotation>
  <folder>0072-old-fashioned</folder>
  <filename>0072-old-fashioned_lemonade;29.97002997002997;2278;orange,lemon,lime.jpg</filename>
  <source>
    <database>Unknown</database>
    <annotation>Unknown</annotation>
    <image>Unknown</image>
  </source>
  <size>
    <width>1280</width>
    <height>720</height>
    <depth></depth>
  </size>
  <segmented>0</segmented>
  <object>
    <name>orange</name>
    <occluded>0</occluded>
    <bndbox>
      <xmin>1013.33</xmin>
      <ymin>14.0</ymin>
      <xmax>1274.45</xmax>
      <ymax>287.33</ymax>
    </bndbox>
    <attributes>
      <attribute>
        <name>states</name>
        <value>cut</value>
      </attribute>
    </attributes>
  </object>
  <object>
    <name>orange</name>
    <occluded>0</occluded>
    <bndbox>
      <xmin>400.0</xmin>
      <ymin>432.9</ymin>
      <xmax>1154.4</xmax>
      <ymax>597.33</ymax>
    </bndbox>
    <attributes>
      <attribute>
        <name>states</name>
        <value>juice</value>
      </attribute>
    </attributes>
  </object>
</annotation>
