<annotation>
  <folder>0075-pesto</folder>
  <filename>0075-pesto_linguine;29.97002997002997;3567;orange,lemon,lime.jpg</filename>
  <source>
    <database>Unknown</database>
    <annotation>Unknown</annotation>
    <image>Unknown</image>
  </source>
  <size>
    <width>1280</width>
    <height>720</height>
    <depth></depth>
  </size>
  <segmented>0</segmented>
  <object>
    <name>orange</name>
    <occluded>0</occluded>
    <bndbox>
      <xmin>404.44</xmin>
      <ymin>167.33</ymin>
      <xmax>561.11</xmax>
      <ymax>301.78</ymax>
    </bndbox>
    <attributes>
      <attribute>
        <name>states</name>
        <value>whole</value>
      </attribute>
    </attributes>
  </object>
</annotation>
