<annotation>
  <folder>0080-virgin</folder>
  <filename>0080-virgin_mojito;29.97002997002997;3327;orange,lemon,lime.jpg</filename>
  <source>
    <database>Unknown</database>
    <annotation>Unknown</annotation>
    <image>Unknown</image>
  </source>
  <size>
    <width>1280</width>
    <height>720</height>
    <depth></depth>
  </size>
  <segmented>0</segmented>
  <object>
    <name>orange</name>
    <occluded>0</occluded>
    <bndbox>
      <xmin>3.33</xmin>
      <ymin>411.78</ymin>
      <xmax>113.33</xmax>
      <ymax>486.22</ymax>
    </bndbox>
    <attributes>
      <attribute>
        <name>states</name>
        <value>sliced</value>
      </attribute>
    </attributes>
  </object>
  <object>
    <name>orange</name>
    <occluded>0</occluded>
    <bndbox>
      <xmin>552.22</xmin>
      <ymin>255.11</ymin>
      <xmax>783.33</xmax>
      <ymax>649.56</ymax>
    </bndbox>
    <attributes>
      <attribute>
        <name>states</name>
        <value>juice</value>
      </attribute>
    </attributes>
  </object>
</annotation>
