<annotation>
  <folder>0080-virgin</folder>
  <filename>0080-virgin_mojito;29.97002997002997;930;orange,lemon,lime.jpg</filename>
  <source>
    <database>Unknown</database>
    <annotation>Unknown</annotation>
    <image>Unknown</image>
  </source>
  <size>
    <width>1280</width>
    <height>720</height>
    <depth></depth>
  </size>
  <segmented>0</segmented>
  <object>
    <name>orange</name>
    <occluded>0</occluded>
    <bndbox>
      <xmin>528.89</xmin>
      <ymin>418.44</ymin>
      <xmax>737.78</xmax>
      <ymax>575.11</ymax>
    </bndbox>
    <attributes>
      <attribute>
        <name>states</name>
        <value>sliced</value>
      </attribute>
    </attributes>
  </object>
  <object>
    <name>orange</name>
    <occluded>0</occluded>
    <bndbox>
      <xmin>413.33</xmin>
      <ymin>4.0</ymin>
      <xmax>532.22</xmax>
      <ymax>72.89</ymax>
    </bndbox>
    <attributes>
      <attribute>
        <name>states</name>
        <value>sliced</value>
      </attribute>
    </attributes>
  </object>
</annotation>
