<annotation>
  <folder>0080-virgin</folder>
  <filename>0080-virgin_mojito;29.97002997002997;3387;orange,lemon,lime.jpg</filename>
  <source>
    <database>Unknown</database>
    <annotation>Unknown</annotation>
    <image>Unknown</image>
  </source>
  <size>
    <width>1280</width>
    <height>720</height>
    <depth></depth>
  </size>
  <segmented>0</segmented>
  <object>
    <name>orange</name>
    <occluded>0</occluded>
    <bndbox>
      <xmin>550.0</xmin>
      <ymin>260.7</ymin>
      <xmax>776.7</xmax>
      <ymax>635.1</ymax>
    </bndbox>
    <attributes>
      <attribute>
        <name>states</name>
        <value>juice</value>
      </attribute>
    </attributes>
  </object>
  <object>
    <name>orange</name>
    <occluded>0</occluded>
    <bndbox>
      <xmin>1.11</xmin>
      <ymin>406.22</ymin>
      <xmax>112.22</xmax>
      <ymax>487.33</ymax>
    </bndbox>
    <attributes>
      <attribute>
        <name>states</name>
        <value>sliced</value>
      </attribute>
    </attributes>
  </object>
</annotation>
