<annotation>
  <folder>0080-virgin</folder>
  <filename>0080-virgin_mojito;29.97002997002997;990;orange,lemon,lime.jpg</filename>
  <source>
    <database>Unknown</database>
    <annotation>Unknown</annotation>
    <image>Unknown</image>
  </source>
  <size>
    <width>1280</width>
    <height>720</height>
    <depth></depth>
  </size>
  <segmented>0</segmented>
  <object>
    <name>orange</name>
    <occluded>0</occluded>
    <bndbox>
      <xmin>497.78</xmin>
      <ymin>377.33</ymin>
      <xmax>700.0</xmax>
      <ymax>627.33</ymax>
    </bndbox>
    <attributes>
      <attribute>
        <name>states</name>
        <value>sliced</value>
      </attribute>
    </attributes>
  </object>
</annotation>
