<annotation>
  <folder>0080-virgin</folder>
  <filename>0080-virgin_mojito;29.97002997002997;3357;orange,lemon,lime.jpg</filename>
  <source>
    <database>Unknown</database>
    <annotation>Unknown</annotation>
    <image>Unknown</image>
  </source>
  <size>
    <width>1280</width>
    <height>720</height>
    <depth></depth>
  </size>
  <segmented>0</segmented>
  <object>
    <name>orange</name>
    <occluded>0</occluded>
    <bndbox>
      <xmin>5.56</xmin>
      <ymin>409.56</ymin>
      <xmax>106.67</xmax>
      <ymax>492.89</ymax>
    </bndbox>
    <attributes>
      <attribute>
        <name>states</name>
        <value>sliced</value>
      </attribute>
    </attributes>
  </object>
  <object>
    <name>orange</name>
    <occluded>0</occluded>
    <bndbox>
      <xmin>543.33</xmin>
      <ymin>241.78</ymin>
      <xmax>778.89</xmax>
      <ymax>629.56</ymax>
    </bndbox>
    <attributes>
      <attribute>
        <name>states</name>
        <value>juice</value>
      </attribute>
    </attributes>
  </object>
</annotation>
