<annotation>
  <folder>0084-watermelon</folder>
  <filename>0084-watermelon_lemonade;25.0;3925;orange,lemon,lime.jpg</filename>
  <source>
    <database>Unknown</database>
    <annotation>Unknown</annotation>
    <image>Unknown</image>
  </source>
  <size>
    <width>1280</width>
    <height>720</height>
    <depth></depth>
  </size>
  <segmented>0</segmented>
  <object>
    <name>orange</name>
    <occluded>0</occluded>
    <bndbox>
      <xmin>1003.33</xmin>
      <ymin>228.44</ymin>
      <xmax>1275.6</xmax>
      <ymax>618.44</ymax>
    </bndbox>
    <attributes>
      <attribute>
        <name>states</name>
        <value>sliced</value>
      </attribute>
    </attributes>
  </object>
  <object>
    <name>orange</name>
    <occluded>0</occluded>
    <bndbox>
      <xmin>368.89</xmin>
      <ymin>176.22</ymin>
      <xmax>850.0</xmax>
      <ymax>652.89</ymax>
    </bndbox>
    <attributes>
      <attribute>
        <name>states</name>
        <value>juice</value>
      </attribute>
    </attributes>
  </object>
  <object>
    <name>orange</name>
    <occluded>0</occluded>
    <bndbox>
      <xmin>288.89</xmin>
      <ymin>6.22</ymin>
      <xmax>651.11</xmax>
      <ymax>140.67</ymax>
    </bndbox>
    <attributes>
      <attribute>
        <name>states</name>
        <value>juice</value>
      </attribute>
    </attributes>
  </object>
</annotation>
