<annotation>
  <folder>0084-watermelon</folder>
  <filename>0084-watermelon_lemonade;25.0;2850;orange,lemon,lime.jpg</filename>
  <source>
    <database>Unknown</database>
    <annotation>Unknown</annotation>
    <image>Unknown</image>
  </source>
  <size>
    <width>1280</width>
    <height>720</height>
    <depth></depth>
  </size>
  <segmented>0</segmented>
  <object>
    <name>orange</name>
    <occluded>0</occluded>
    <bndbox>
      <xmin>523.33</xmin>
      <ymin>416.22</ymin>
      <xmax>1073.33</xmax>
      <ymax>671.78</ymax>
    </bndbox>
    <attributes>
      <attribute>
        <name>states</name>
        <value>juice</value>
      </attribute>
    </attributes>
  </object>
</annotation>
