<annotation>
  <folder>0084-watermelon</folder>
  <filename>0084-watermelon_lemonade;25.0;2975;orange,lemon,lime.jpg</filename>
  <source>
    <database>Unknown</database>
    <annotation>Unknown</annotation>
    <image>Unknown</image>
  </source>
  <size>
    <width>1280</width>
    <height>720</height>
    <depth></depth>
  </size>
  <segmented>0</segmented>
  <object>
    <name>orange</name>
    <occluded>0</occluded>
    <bndbox>
      <xmin>617.78</xmin>
      <ymin>336.22</ymin>
      <xmax>1057.78</xmax>
      <ymax>556.22</ymax>
    </bndbox>
    <attributes>
      <attribute>
        <name>states</name>
        <value>juice</value>
      </attribute>
    </attributes>
  </object>
  <object>
    <name>orange</name>
    <occluded>0</occluded>
    <bndbox>
      <xmin>72.22</xmin>
      <ymin>458.44</ymin>
      <xmax>238.89</xmax>
      <ymax>569.56</ymax>
    </bndbox>
    <attributes>
      <attribute>
        <name>states</name>
        <value>cut</value>
      </attribute>
    </attributes>
  </object>
</annotation>
