<annotation>
  <folder>0084-watermelon</folder>
  <filename>0084-watermelon_lemonade;25.0;3050;orange,lemon,lime.jpg</filename>
  <source>
    <database>Unknown</database>
    <annotation>Unknown</annotation>
    <image>Unknown</image>
  </source>
  <size>
    <width>1280</width>
    <height>720</height>
    <depth></depth>
  </size>
  <segmented>0</segmented>
  <object>
    <name>orange</name>
    <occluded>0</occluded>
    <bndbox>
      <xmin>626.67</xmin>
      <ymin>244.0</ymin>
      <xmax>1061.11</xmax>
      <ymax>555.11</ymax>
    </bndbox>
    <attributes>
      <attribute>
        <name>states</name>
        <value>juice</value>
      </attribute>
    </attributes>
  </object>
  <object>
    <name>orange</name>
    <occluded>0</occluded>
    <bndbox>
      <xmin>72.22</xmin>
      <ymin>459.56</ymin>
      <xmax>237.78</xmax>
      <ymax>568.44</ymax>
    </bndbox>
    <attributes>
      <attribute>
        <name>states</name>
        <value>cut</value>
      </attribute>
    </attributes>
  </object>
</annotation>
