<annotation>
  <folder>ACT-0077-crayfish</folder>
  <filename>ACT-0077-crayfish_wrap;25.0;3100;orange,lemon,lime.jpg</filename>
  <source>
    <database>Unknown</database>
    <annotation>Unknown</annotation>
    <image>Unknown</image>
  </source>
  <size>
    <width>636</width>
    <height>360</height>
    <depth></depth>
  </size>
  <segmented>0</segmented>
  <object>
    <name>orange</name>
    <occluded>0</occluded>
    <bndbox>
      <xmin>184.11</xmin>
      <ymin>227.0</ymin>
      <xmax>285.22</xmax>
      <ymax>296.44</ymax>
    </bndbox>
    <attributes>
      <attribute>
        <name>states</name>
        <value>other</value>
      </attribute>
    </attributes>
  </object>
  <object>
    <name>orange</name>
    <occluded>0</occluded>
    <bndbox>
      <xmin>470.22</xmin>
      <ymin>180.33</ymin>
      <xmax>524.67</xmax>
      <ymax>227.0</ymax>
    </bndbox>
    <attributes>
      <attribute>
        <name>states</name>
        <value>sliced</value>
      </attribute>
    </attributes>
  </object>
</annotation>
