<annotation>
  <folder>ACT-0068-apple</folder>
  <filename>ACT-0068-apple_cake;25.0;2200;orange,lemon,lime.jpg</filename>
  <source>
    <database>Unknown</database>
    <annotation>Unknown</annotation>
    <image>Unknown</image>
  </source>
  <size>
    <width>1280</width>
    <height>720</height>
    <depth></depth>
  </size>
  <segmented>0</segmented>
  <object>
    <name>orange</name>
    <occluded>0</occluded>
    <bndbox>
      <xmin>527.78</xmin>
      <ymin>40.67</ymin>
      <xmax>734.44</xmax>
      <ymax>151.78</ymax>
    </bndbox>
    <attributes>
      <attribute>
        <name>states</name>
        <value>grated</value>
      </attribute>
    </attributes>
  </object>
</annotation>
