<annotation>
  <folder>ACT-0077-crayfish</folder>
  <filename>ACT-0077-crayfish_wrap;25.0;2100;orange,lemon,lime.jpg</filename>
  <source>
    <database>Unknown</database>
    <annotation>Unknown</annotation>
    <image>Unknown</image>
  </source>
  <size>
    <width>636</width>
    <height>360</height>
    <depth></depth>
  </size>
  <segmented>0</segmented>
  <object>
    <name>orange</name>
    <occluded>0</occluded>
    <bndbox>
      <xmin>548.0</xmin>
      <ymin>159.22</ymin>
      <xmax>622.44</xmax>
      <ymax>232.0</ymax>
    </bndbox>
    <attributes>
      <attribute>
        <name>states</name>
        <value>cut</value>
      </attribute>
    </attributes>
  </object>
</annotation>
