<annotation>
  <folder>ACT-0077-crayfish</folder>
  <filename>ACT-0077-crayfish_wrap;25.0;3075;orange,lemon,lime.jpg</filename>
  <source>
    <database>Unknown</database>
    <annotation>Unknown</annotation>
    <image>Unknown</image>
  </source>
  <size>
    <width>636</width>
    <height>360</height>
    <depth></depth>
  </size>
  <segmented>0</segmented>
  <object>
    <name>orange</name>
    <occluded>0</occluded>
    <bndbox>
      <xmin>471.33</xmin>
      <ymin>179.78</ymin>
      <xmax>523.56</xmax>
      <ymax>222.56</ymax>
    </bndbox>
    <attributes>
      <attribute>
        <name>states</name>
        <value>sliced</value>
      </attribute>
    </attributes>
  </object>
  <object>
    <name>orange</name>
    <occluded>0</occluded>
    <bndbox>
      <xmin>202.44</xmin>
      <ymin>215.89</ymin>
      <xmax>291.89</xmax>
      <ymax>294.78</ymax>
    </bndbox>
    <attributes>
      <attribute>
        <name>states</name>
        <value>cut</value>
      </attribute>
    </attributes>
  </object>
</annotation>
