<annotation>
  <folder>ACT-0034-greek</folder>
  <filename>ACT-0034-greek_salad;25.004633127574948;4551;orange,lemon,lime.jpg</filename>
  <source>
    <database>Unknown</database>
    <annotation>Unknown</annotation>
    <image>Unknown</image>
  </source>
  <size>
    <width>1280</width>
    <height>720</height>
    <depth></depth>
  </size>
  <segmented>0</segmented>
  <object>
    <name>orange</name>
    <occluded>0</occluded>
    <bndbox>
      <xmin>581.1</xmin>
      <ymin>102.89</ymin>
      <xmax>714.44</xmax>
      <ymax>241.77999999999997</ymax>
    </bndbox>
    <attributes>
      <attribute>
        <name>states</name>
        <value>other</value>
      </attribute>
    </attributes>
  </object>
</annotation>
